id,name,type,axial,L,R,ang,pid
0,soma,1,True,0.0,6.0,0.0,0
1,basal,3,False,200.0,0.25,-0.7071067811865476,0
2,basal,3,False,200.0,0.25,0.0,0
3,trunk,4,True,80.0,0.5,1.5707963267948966,0
4,trunk,4,True,500.0,0.5,1.5707963267948966,3
5,tuft,4,False,200.0,0.25,0.7071067811865476,4
6,axon,2,True,50.0,0.25,-1.5707963267948966,0
7,oblique,4,False,100.0,0.25,0.0,3